Row Labels,Average of Salary
Bachelor's,136377.9047
Female,130177.2015
Male,140828.8234
Other,123324
High School,112467.9799
Female,100699.7245
Male,121508.3
Other,158966
Master's,91472.84946
Female,77438.54749
Male,104489.1192
PhD,102291.6667
Female,109550.81
Male,95137.88099
Grand Total,115344.2857
